{
  "roc_auc": 0.9809,
  "pr_auc": 0.8704,
  "confusion_matrix": [
    [
      56819,
      45
    ],
    [
      13,
      85
    ]
  ],
  "classification_report": {
    "0": {
      "precision": 0.9997712556306306,
      "recall": 0.9992086381541925,
      "f1-score": 0.9994898677174219,
      "support": 56864.0
    },
    "1": {
      "precision": 0.6538461538461539,
      "recall": 0.8673469387755102,
      "f1-score": 0.7456140350877193,
      "support": 98.0
    },
    "accuracy": 0.9989817773252344,
    "macro avg": {
      "precision": 0.8268087047383923,
      "recall": 0.9332777884648513,
      "f1-score": 0.8725519514025706,
      "support": 56962.0
    },
    "weighted avg": {
      "precision": 0.9991761104465626,
      "recall": 0.9989817773252344,
      "f1-score": 0.9990530882574712,
      "support": 56962.0
    }
  },
  "train_size": 227845,
  "test_size": 56962,
  "fraud_rate": 0.001727
}